Meters,Kilometers,Inches,Feet,Yards,Miles
1,0.001,39.37008,3.28084,1.093613,0.000621
1000,1,39370.08,3280.84,1093.613,0.621371
0.0254,0.000025,1,0.083333,0.027778,0.000016
0.3048,0.000305,12,1,0.333333,0.000189
0.9144,0.000914,36,3,1,0.000568
1609.344,1.609344,63360,5280,1760,1
